<refentry id="package.default.default.humanautoloader.register">
 <refnamediv>
  <refname>
   <function>HumanAutoloader::register</function>
  </refname>
  <refpurpose>register</refpurpose>
 </refnamediv>
 <refsynopsisdiv>
  <funcsynopsis>
   <funcsynopsisinfo>require_once &apos;/human_gateway_client_api/util/HumanAutoloader.php&apos;;</funcsynopsisinfo>
   <funcprototype>
    <funcdef>
     void
     <function>HumanAutoloader::register</function>
    </funcdef>
    <paramdef />
   </funcprototype>
  </funcsynopsis>
 </refsynopsisdiv>
 <refsect1 id="package.default.default.humanautoloader.register.desc">
  &title.desc;
  &notdocumented;
</refsect1>
 <refsect1 id="package.default.default.humanautoloader.register.throws">
  &title.throws;
  <para>
   <emphasis>throws</emphasis>
   no exceptions thrown
  </para>
 </refsect1>
 <refsect1 id="package.default.default.humanautoloader.register.note">
  &title.note;
  &note.notstatic;
</refsect1>
</refentry>
